date,vendas,dia_da_semana,em_promocao,feriado_nacional,lag_1,lag_7,lag_14,lag_28,rolling_mean_7,rolling_std_7,day_of_week,is_weekend,month,day_of_month,is_holiday
2023-10-14,58,5,0,0,46.0,62.0,53.0,52.0,50.57142857142857,5.533448076836673,5,1,10,14,0
2023-10-15,59,6,0,0,58.0,56.0,60.0,58.0,51.0,6.1101009266077755,6,1,10,15,0
2023-10-16,49,0,0,0,59.0,55.0,46.0,54.0,50.142857142857146,5.871642911161264,0,0,10,16,0
2023-10-17,49,1,0,0,49.0,48.0,52.0,59.0,50.285714285714285,5.822779568621995,1,0,10,17,0
2023-10-18,45,2,0,0,49.0,46.0,73.0,72.0,50.142857142857146,5.956189257922412,2,0,10,18,0
2023-10-19,56,3,0,0,45.0,45.0,54.0,50.0,51.714285714285715,5.822779568621998,3,0,10,19,0
2023-10-20,56,4,0,0,56.0,46.0,65.0,39.0,53.142857142857146,5.398412465054615,4,0,10,20,0
2023-10-21,50,5,0,0,56.0,58.0,62.0,62.0,52.0,5.033222956847155,5,1,10,21,0
2023-10-22,48,6,0,0,50.0,59.0,56.0,54.0,50.42857142857143,4.117326918327085,6,1,10,22,0
2023-10-23,49,0,0,0,48.0,49.0,55.0,48.0,50.42857142857143,4.117326918327085,0,0,10,23,0
2023-10-24,59,1,0,0,49.0,49.0,48.0,51.0,51.857142857142854,5.145501965424788,1,0,10,24,0
2023-10-25,54,2,0,0,59.0,45.0,46.0,58.0,53.142857142857146,4.18045338165496,2,0,10,25,0
2023-10-26,48,3,0,0,54.0,56.0,45.0,53.0,52.0,4.3588989435406615,3,0,10,26,0
2023-10-27,49,4,0,0,48.0,56.0,46.0,49.0,51.0,4.082482904638615,4,0,10,27,0
2023-10-28,67,5,1,0,49.0,50.0,58.0,53.0,53.42857142857143,7.230886134196431,5,1,10,28,0
2023-10-29,58,6,0,0,67.0,48.0,59.0,60.0,54.857142857142854,6.962484504556575,6,1,10,29,0
2023-10-30,46,0,0,0,58.0,49.0,49.0,46.0,54.42857142857143,7.457817885886431,0,0,10,30,0
2023-10-31,43,1,0,0,46.0,59.0,49.0,52.0,52.142857142857146,8.234653836654198,1,0,10,31,0
2023-11-01,51,2,0,0,43.0,54.0,45.0,73.0,51.714285714285715,8.199883855158872,2,0,11,1,0
2023-11-02,47,3,0,0,51.0,48.0,56.0,54.0,51.57142857142857,8.283661486266052,3,0,11,2,0
2023-11-03,51,4,0,0,47.0,49.0,56.0,65.0,51.857142857142854,8.214389233302155,4,0,11,3,0
2023-11-04,59,5,0,0,51.0,67.0,50.0,62.0,50.714285714285715,6.019808571549022,5,1,11,4,0
2023-11-05,59,6,0,0,59.0,58.0,48.0,56.0,50.857142857142854,6.229729031789717,6,1,11,5,0
2023-11-06,49,0,0,0,59.0,46.0,49.0,55.0,51.285714285714285,5.936168397046624,0,0,11,6,0
2023-11-07,49,1,0,0,49.0,43.0,59.0,48.0,52.142857142857146,4.879500364742651,1,0,11,7,0
2023-11-08,49,2,0,0,49.0,51.0,54.0,46.0,51.857142857142854,5.014265364224055,2,0,11,8,0
2023-11-09,36,3,0,0,49.0,47.0,48.0,45.0,50.285714285714285,7.761320457119076,3,0,11,9,0
2023-11-10,50,4,0,0,36.0,51.0,49.0,46.0,50.142857142857146,7.755182598937111,4,0,11,10,0
2023-11-11,55,5,0,0,50.0,59.0,67.0,58.0,49.57142857142857,7.114706432386894,5,1,11,11,0
2023-11-12,51,6,0,0,55.0,59.0,58.0,59.0,48.42857142857143,5.88379534136321,6,1,11,12,0
2023-11-13,43,0,0,0,51.0,49.0,46.0,49.0,47.57142857142857,6.214422549122918,0,0,11,13,0
2023-11-14,57,1,0,0,43.0,49.0,43.0,49.0,48.714285714285715,7.181324987175304,1,0,11,14,0
2023-11-15,50,2,0,0,57.0,49.0,51.0,45.0,48.857142857142854,7.1978832867394855,2,0,11,15,0
2023-11-16,40,3,0,0,50.0,36.0,47.0,56.0,49.42857142857143,6.07884700846968,3,0,11,16,0
2023-11-17,48,4,0,0,40.0,50.0,51.0,56.0,49.142857142857146,6.094494002200426,4,0,11,17,0
2023-11-18,50,5,0,0,48.0,55.0,59.0,50.0,48.42857142857143,5.563486402641848,5,1,11,18,0
2023-11-19,54,6,0,0,50.0,51.0,59.0,48.0,48.857142857142854,5.899959644736869,6,1,11,19,0
2023-11-20,46,0,0,0,54.0,43.0,49.0,49.0,49.285714285714285,5.498917642417919,0,0,11,20,0
2023-11-21,51,1,0,0,46.0,57.0,49.0,59.0,48.42857142857143,4.466808810815697,1,0,11,21,0
2023-11-22,50,2,0,0,51.0,50.0,49.0,54.0,48.42857142857143,4.466808810815697,2,0,11,22,0
2023-11-23,44,3,0,0,50.0,40.0,36.0,48.0,49.0,3.3166247903553705,3,0,11,23,0
2023-11-24,51,4,0,0,44.0,48.0,50.0,49.0,49.42857142857143,3.359421718944214,4,0,11,24,0
2023-11-25,59,5,0,0,51.0,50.0,55.0,67.0,50.714285714285715,4.956957592256403,5,1,11,25,0
2023-11-26,58,6,0,0,59.0,54.0,51.0,58.0,51.285714285714285,5.589105048046161,6,1,11,26,0
2023-11-27,44,0,0,0,58.0,46.0,43.0,46.0,51.0,5.9441848333756555,0,0,11,27,0
2023-11-28,53,1,0,0,44.0,51.0,57.0,43.0,51.285714285714285,5.9920582360956525,1,0,11,28,0
2023-11-29,78,2,1,0,53.0,50.0,50.0,51.0,55.285714285714285,11.657819774930552,2,0,11,29,0
2023-11-30,72,3,1,0,78.0,44.0,40.0,47.0,59.285714285714285,11.940327825123921,3,0,11,30,0
2023-12-01,50,4,0,0,72.0,51.0,48.0,51.0,59.142857142857146,12.061351104921474,4,0,12,1,0
2023-12-02,45,5,0,0,50.0,59.0,50.0,59.0,57.142857142857146,13.196319833304173,5,1,12,2,0
2023-12-03,53,6,0,0,45.0,58.0,54.0,59.0,56.42857142857143,13.277263057035293,6,1,12,3,0
2023-12-04,45,0,0,0,53.0,44.0,46.0,49.0,56.57142857142857,13.125765283811615,0,0,12,4,0
2023-12-05,46,1,0,0,45.0,53.0,51.0,49.0,55.57142857142857,13.697410252272054,1,0,12,5,0
2023-12-06,52,2,0,0,46.0,78.0,50.0,49.0,51.857142857142854,9.476788686550083,2,0,12,6,0
2023-12-07,54,3,0,0,52.0,72.0,44.0,36.0,49.285714285714285,3.9036002917941057,3,0,12,7,0
2023-12-08,59,4,0,0,54.0,50.0,51.0,50.0,50.57142857142857,5.380741673076379,4,0,12,8,0
2023-12-09,44,5,0,0,59.0,45.0,59.0,55.0,50.42857142857143,5.5634864026418525,5,1,12,9,0
2023-12-10,56,6,0,0,44.0,53.0,58.0,51.0,50.857142857142854,5.899959644736873,6,1,12,10,0
2023-12-11,49,0,0,0,56.0,45.0,44.0,43.0,51.42857142857143,5.411627692821647,0,0,12,11,0
2023-12-12,54,1,0,0,49.0,46.0,53.0,57.0,52.57142857142857,4.8941169737125065,1,0,12,12,0
2023-12-13,50,2,0,0,54.0,52.0,78.0,50.0,52.285714285714285,4.9904671028633985,2,0,12,13,0
2023-12-14,71,3,1,0,50.0,54.0,72.0,40.0,54.714285714285715,8.712333895390021,3,0,12,14,0
2023-12-15,47,4,0,0,71.0,59.0,50.0,48.0,53.0,8.90692614392492,4,0,12,15,0
2023-12-16,45,5,0,0,47.0,44.0,45.0,50.0,53.142857142857146,8.745066636463694,5,1,12,16,0
2023-12-17,53,6,0,0,45.0,56.0,53.0,54.0,52.714285714285715,8.65475371716387,6,1,12,17,0
2023-12-18,41,0,0,0,53.0,49.0,45.0,46.0,51.57142857142857,9.692903638868017,0,0,12,18,0
2023-12-19,51,1,0,0,41.0,54.0,46.0,51.0,51.142857142857146,9.63376996868431,1,0,12,19,0
2023-12-20,55,2,0,0,51.0,50.0,52.0,50.0,51.857142857142854,9.719886340703288,2,0,12,20,0
2023-12-21,42,3,0,0,55.0,71.0,54.0,44.0,47.714285714285715,5.437961803049783,3,0,12,21,0
2023-12-22,46,4,0,0,42.0,47.0,59.0,51.0,47.57142857142857,5.472876844254841,4,0,12,22,0
2023-12-23,55,5,0,0,46.0,45.0,44.0,59.0,49.0,5.972157622389626,5,1,12,23,0
2023-12-24,48,6,0,0,55.0,53.0,56.0,58.0,48.285714285714285,5.7071383872680395,6,1,12,24,0
2023-12-25,57,0,0,1,48.0,41.0,49.0,44.0,50.57142857142857,5.503245795502334,0,0,12,25,0
2023-12-26,48,1,0,0,57.0,51.0,54.0,53.0,50.142857142857146,5.580578567035588,1,0,12,26,0
2023-12-27,43,2,0,0,48.0,55.0,50.0,78.0,48.42857142857143,5.682051943243227,2,0,12,27,0
2023-12-28,71,3,1,0,43.0,42.0,71.0,72.0,52.57142857142857,9.50187951332336,3,0,12,28,0
2023-12-29,45,4,0,0,71.0,46.0,47.0,50.0,52.42857142857143,9.62387903181703,4,0,12,29,0
2023-12-30,54,5,0,0,45.0,55.0,45.0,45.0,52.285714285714285,9.586697132211999,5,1,12,30,0
2023-12-31,47,6,0,0,54.0,48.0,53.0,53.0,52.142857142857146,9.668308563352243,6,1,12,31,0
2024-01-01,47,0,0,1,47.0,57.0,41.0,45.0,50.714285714285715,9.569296137722379,0,0,1,1,0
2024-01-02,43,1,0,0,47.0,48.0,51.0,46.0,50.0,9.98331942124795,1,0,1,2,0
2024-01-03,46,2,0,0,43.0,43.0,55.0,52.0,50.42857142857143,9.692903638868014,2,0,1,3,0
2024-01-04,49,3,0,0,46.0,71.0,42.0,54.0,47.285714285714285,3.498298906339342,3,0,1,4,0
2024-01-05,54,4,0,0,49.0,45.0,46.0,59.0,48.57142857142857,4.11732691832708,4,0,1,5,0
2024-01-06,55,5,0,0,54.0,54.0,55.0,44.0,48.714285714285715,4.347960660443206,5,1,1,6,0
2024-01-07,49,6,0,0,55.0,47.0,48.0,56.0,49.0,4.281744192888356,6,1,1,7,0
2024-01-08,40,0,0,0,49.0,47.0,57.0,49.0,48.0,5.477225575051644,0,0,1,8,0
2024-01-09,54,1,0,0,40.0,43.0,48.0,54.0,49.57142857142857,5.380741673076378,1,0,1,9,0
2024-01-10,50,2,0,0,54.0,46.0,43.0,50.0,50.142857142857146,5.145501965424783,2,0,1,10,0
2024-01-11,47,3,0,0,50.0,49.0,71.0,71.0,49.857142857142854,5.273473599964603,3,0,1,11,0
2024-01-12,52,4,0,0,47.0,54.0,45.0,47.0,49.57142857142857,5.061526214398918,4,0,1,12,0
2024-01-13,50,5,0,0,52.0,55.0,54.0,45.0,48.857142857142854,4.488079449258554,5,1,1,13,0
2024-01-14,50,6,0,0,50.0,49.0,47.0,53.0,49.0,4.509249752822875,6,1,1,14,0
2024-01-15,46,0,0,0,50.0,40.0,47.0,41.0,49.857142857142854,2.7342623276105598,0,0,1,15,0
2024-01-16,48,1,0,0,46.0,54.0,43.0,51.0,49.0,2.081665999466093,1,0,1,16,0
2024-01-17,64,2,1,0,48.0,50.0,46.0,55.0,51.0,6.082762530298206,2,0,1,17,0
2024-01-18,37,3,0,0,64.0,47.0,49.0,42.0,49.57142857142857,8.038597366397164,3,0,1,18,0
2024-01-19,47,4,0,0,37.0,52.0,54.0,46.0,48.857142857142854,8.008923594519862,4,0,1,19,0
2024-01-20,66,5,1,0,47.0,50.0,55.0,55.0,51.142857142857146,10.334869317486488,5,1,1,20,0
2024-01-21,47,6,0,0,66.0,50.0,49.0,48.0,50.714285714285715,10.451702982676798,6,1,1,21,0
2024-01-22,48,0,0,0,47.0,46.0,40.0,57.0,51.0,10.327955589886438,0,0,1,22,0
2024-01-23,41,1,0,0,48.0,48.0,54.0,48.0,50.0,10.984838035522714,1,0,1,23,0
2024-01-24,60,2,0,0,41.0,64.0,50.0,43.0,49.42857142857143,10.212037714663715,2,0,1,24,0
2024-01-25,55,3,0,0,60.0,37.0,47.0,71.0,52.0,8.717797887081339,3,0,1,25,0
2024-01-26,45,4,0,0,55.0,47.0,52.0,45.0,51.714285714285715,8.938946353164996,4,0,1,26,0
2024-01-27,52,5,0,0,45.0,66.0,50.0,54.0,49.714285714285715,6.421689437998,5,1,1,27,0
2024-01-28,47,6,0,0,52.0,47.0,50.0,47.0,49.714285714285715,6.421689437998,6,1,1,28,0
2024-01-29,37,0,0,0,47.0,48.0,46.0,47.0,48.142857142857146,8.050436249640365,0,0,1,29,0
2024-01-30,63,1,1,0,37.0,41.0,48.0,43.0,51.285714285714285,9.031690238899273,1,0,1,30,0
2024-01-31,56,2,0,0,63.0,60.0,64.0,46.0,50.714285714285715,8.499299691038967,2,0,1,31,0
2024-02-01,48,3,0,0,56.0,55.0,37.0,49.0,49.714285714285715,8.320943169983499,3,0,2,1,0
2024-02-02,37,4,0,0,48.0,45.0,47.0,54.0,48.57142857142857,9.536895771286417,4,0,2,2,0
2024-02-03,52,5,0,0,37.0,52.0,66.0,55.0,48.57142857142857,9.536895771286417,5,1,2,3,0
2024-02-04,58,6,0,0,52.0,47.0,47.0,49.0,50.142857142857146,10.123052428797862,6,1,2,4,0
2024-02-05,42,0,0,0,58.0,37.0,48.0,40.0,50.857142857142854,9.172941575244932,0,0,2,5,0
2024-02-06,41,1,0,0,42.0,63.0,41.0,54.0,47.714285714285715,8.014867137894116,1,0,2,6,0
2024-02-07,67,2,1,0,41.0,56.0,60.0,50.0,49.285714285714285,10.578504710249069,2,0,2,7,0
2024-02-08,56,3,0,0,67.0,48.0,55.0,47.0,50.42857142857143,10.84523156133826,3,0,2,8,0
2024-02-09,39,4,0,0,56.0,37.0,45.0,52.0,50.714285714285715,10.451702982676801,4,0,2,9,0
2024-02-10,50,5,0,0,39.0,52.0,52.0,50.0,50.42857142857143,10.438025721005905,5,1,2,10,0
2024-02-11,57,6,0,0,50.0,58.0,47.0,50.0,50.285714285714285,10.323343865794088,6,1,2,11,0
2024-02-12,72,0,1,0,57.0,42.0,37.0,46.0,54.57142857142857,12.340409810282408,0,0,2,12,0
2024-02-13,48,1,0,0,72.0,41.0,63.0,48.0,55.57142857142857,11.296860077873305,1,0,2,13,0
2024-02-14,60,2,0,0,48.0,67.0,56.0,64.0,54.57142857142857,10.390013520317524,2,0,2,14,0
2024-02-15,46,3,0,0,60.0,56.0,48.0,37.0,53.142857142857146,10.838643387259793,3,0,2,15,0
2024-02-16,46,4,0,0,46.0,39.0,37.0,47.0,54.142857142857146,9.564318610135825,4,0,2,16,0
2024-02-17,41,5,0,0,46.0,50.0,52.0,66.0,52.857142857142854,10.745984853711196,5,1,2,17,0
2024-02-18,56,6,0,0,41.0,57.0,58.0,47.0,52.714285714285715,10.688222267435085,6,1,2,18,0
2024-02-19,49,0,0,0,56.0,72.0,42.0,48.0,49.42857142857143,6.477065767180441,0,0,2,19,0
2024-02-20,48,1,0,0,49.0,48.0,41.0,41.0,49.42857142857143,6.477065767180441,1,0,2,20,0
2024-02-21,47,2,0,0,48.0,60.0,67.0,60.0,47.57142857142857,4.503966505838381,2,0,2,21,0
2024-02-22,48,3,0,0,47.0,46.0,56.0,55.0,47.857142857142854,4.450789122113464,3,0,2,22,0
2024-02-23,43,4,0,0,48.0,46.0,39.0,45.0,47.42857142857143,4.790864322059293,4,0,2,23,0
2024-02-24,49,5,0,0,43.0,41.0,50.0,52.0,48.57142857142857,3.8668308667926916,5,1,2,24,0
2024-02-25,52,6,0,0,49.0,56.0,57.0,47.0,48.0,2.708012801545271,6,1,2,25,0
2024-02-26,49,0,0,0,52.0,49.0,72.0,37.0,48.0,2.708012801545271,0,0,2,26,0
2024-02-27,51,1,0,0,49.0,48.0,48.0,63.0,48.42857142857143,2.9358214555805975,1,0,2,27,0
2024-02-28,46,2,0,0,51.0,47.0,60.0,56.0,48.285714285714285,3.0394235042348057,2,0,2,28,0
2024-02-29,38,3,0,0,46.0,48.0,46.0,48.0,46.857142857142854,4.947341758580069,3,0,2,29,0
2024-03-01,40,4,0,0,38.0,43.0,46.0,37.0,46.42857142857143,5.442338432975961,4,0,3,1,0
2024-03-02,59,5,0,0,40.0,49.0,41.0,52.0,47.857142857142854,7.244045173533239,5,1,3,2,0
2024-03-03,48,6,0,0,59.0,52.0,56.0,58.0,47.285714285714285,7.016986193380668,6,1,3,3,0
2024-03-04,47,0,0,0,48.0,49.0,49.0,42.0,47.0,6.976149845485425,0,0,3,4,0
2024-03-05,53,1,0,0,47.0,51.0,48.0,41.0,47.285714285714285,7.204495950776958,1,0,3,5,0
2024-03-06,49,2,0,0,53.0,46.0,47.0,67.0,47.714285714285715,7.204495950776962,2,0,3,6,0
2024-03-07,72,3,1,0,49.0,38.0,48.0,56.0,52.57142857142857,10.341778423094409,3,0,3,7,0
2024-03-08,46,4,0,0,72.0,40.0,43.0,39.0,53.42857142857143,9.324826054805587,4,0,3,8,0
2024-03-09,49,5,0,0,46.0,59.0,49.0,50.0,52.0,9.092121131323907,5,1,3,9,0
2024-03-10,61,6,0,0,49.0,48.0,52.0,57.0,53.857142857142854,9.459185508075775,6,1,3,10,0
2024-03-11,52,0,0,0,61.0,47.0,49.0,72.0,54.57142857142857,9.034326074425694,0,0,3,11,0
2024-03-12,55,1,0,0,52.0,53.0,51.0,48.0,54.857142857142854,9.007933011676847,1,0,3,12,0
2024-03-13,44,2,0,0,55.0,49.0,46.0,60.0,54.142857142857146,9.71988634070331,2,0,3,13,0
2024-03-14,45,3,0,0,44.0,72.0,38.0,46.0,50.285714285714285,6.156684327197692,3,0,3,14,0
2024-03-15,47,4,0,0,45.0,46.0,40.0,46.0,50.42857142857143,6.0513674172906935,4,0,3,15,0
2024-03-16,51,5,0,0,47.0,49.0,59.0,41.0,50.714285714285715,6.0198085715490235,5,1,3,16,0
2024-03-17,56,6,0,0,51.0,61.0,48.0,56.0,50.0,4.7609522856952085,6,1,3,17,0
2024-03-18,51,0,0,0,56.0,52.0,47.0,49.0,49.857142857142854,4.705619740571573,0,0,3,18,0
2024-03-19,56,1,0,0,51.0,55.0,53.0,48.0,50.0,4.898979485566332,1,0,3,19,0
2024-03-20,49,2,0,0,56.0,44.0,49.0,47.0,50.714285714285715,4.191828786034615,2,0,3,20,0
2024-03-21,50,3,0,0,49.0,45.0,72.0,48.0,51.42857142857143,3.4086724129853816,3,0,3,21,0
2024-03-22,54,4,0,0,50.0,47.0,46.0,43.0,52.42857142857143,2.878491668515717,4,0,3,22,0
2024-03-23,51,5,0,0,54.0,51.0,49.0,49.0,52.42857142857143,2.878491668515717,5,1,3,23,0
2024-03-24,49,6,0,0,51.0,56.0,61.0,52.0,51.42857142857143,2.636736799982303,6,1,3,24,0
2024-03-25,55,0,0,0,49.0,51.0,52.0,49.0,52.0,2.943920288775957,0,0,3,25,0
2024-03-26,40,1,0,0,55.0,56.0,55.0,51.0,49.714285714285715,4.889249625940734,1,0,3,26,0
2024-03-27,59,2,0,0,40.0,49.0,44.0,46.0,51.142857142857146,5.984105932344759,2,0,3,27,0
2024-03-28,48,3,0,0,59.0,50.0,45.0,38.0,50.857142857142854,6.094494002200431,3,0,3,28,0
2024-03-29,48,4,0,0,48.0,54.0,47.0,40.0,50.0,5.99999999999998,4,0,3,29,0
2024-03-30,60,5,0,0,48.0,51.0,51.0,59.0,51.285714285714285,7.111359122659221,5,1,3,30,0
2024-03-31,56,6,0,0,60.0,49.0,56.0,48.0,52.285714285714285,7.227592630889993,6,1,3,31,0
2024-04-01,41,0,0,0,56.0,55.0,51.0,47.0,50.285714285714285,8.220184217609017,0,0,4,1,0
2024-04-02,47,1,0,0,41.0,40.0,56.0,53.0,51.285714285714285,7.111359122659221,1,0,4,2,0
2024-04-03,52,2,0,0,47.0,59.0,49.0,49.0,50.285714285714285,6.2905825303725535,2,0,4,3,0
2024-04-04,55,3,0,0,52.0,48.0,50.0,72.0,51.285714285714285,6.421689437998008,3,0,4,4,0
2024-04-05,51,4,0,0,55.0,48.0,54.0,46.0,51.714285714285715,6.2640318675829905,4,0,4,5,0
2024-04-06,54,5,0,0,51.0,60.0,51.0,49.0,50.857142857142854,5.273473599964609,5,1,4,6,0
2024-04-07,51,6,0,0,54.0,56.0,49.0,61.0,50.142857142857146,4.775931721614493,6,1,4,7,0
2024-04-08,59,0,0,0,51.0,41.0,55.0,52.0,52.714285714285715,3.773340063934792,0,0,4,8,0
2024-04-09,51,1,0,0,59.0,47.0,40.0,55.0,53.285714285714285,2.9840847683606744,1,0,4,9,0
2024-04-10,57,2,0,0,51.0,52.0,59.0,44.0,54.0,3.2145502536643797,2,0,4,10,0
2024-04-11,50,3,0,0,57.0,55.0,48.0,45.0,53.285714285714285,3.49829890633941,3,0,4,11,0
2024-04-12,43,4,0,0,50.0,51.0,48.0,47.0,52.142857142857146,5.241773600241675,4,0,4,12,0
2024-04-13,45,5,0,0,43.0,54.0,60.0,51.0,50.857142857142854,5.785861256216776,5,1,4,13,0
2024-04-14,56,6,0,0,45.0,51.0,56.0,56.0,51.57142857142857,6.10620293518929,6,1,4,14,0
2024-04-15,54,0,0,0,56.0,59.0,41.0,51.0,50.857142857142854,5.336308693862301,0,0,4,15,0
2024-04-16,59,1,0,0,54.0,51.0,47.0,56.0,52.0,6.164414002968983,1,0,4,16,0
2024-04-17,53,2,0,0,59.0,57.0,52.0,49.0,51.42857142857143,5.798193478924933,2,0,4,17,0
2024-04-18,50,3,0,0,53.0,50.0,55.0,50.0,51.42857142857143,5.798193478924933,3,0,4,18,0
2024-04-19,52,4,0,0,50.0,43.0,51.0,54.0,52.714285714285715,4.4614753058559105,4,0,4,19,0
2024-04-20,50,5,0,0,52.0,45.0,54.0,51.0,53.42857142857143,3.258688021128734,5,1,4,20,0
2024-04-21,56,6,0,0,50.0,56.0,51.0,49.0,53.42857142857143,3.258688021128734,6,1,4,21,0
2024-04-22,52,0,0,0,56.0,54.0,59.0,55.0,53.142857142857146,3.2877840272019165,0,0,4,22,0
2024-04-23,52,1,0,0,52.0,59.0,51.0,40.0,52.142857142857146,2.03540097839645,1,0,4,23,0
2024-04-24,53,2,0,0,52.0,53.0,57.0,59.0,52.142857142857146,2.03540097839645,2,0,4,24,0
2024-04-25,59,3,0,0,53.0,50.0,50.0,48.0,53.42857142857143,3.0472470011002675,3,0,4,25,0
2024-04-26,52,4,0,0,59.0,52.0,43.0,48.0,53.42857142857143,3.0472470011002675,4,0,4,26,0
2024-04-27,54,5,0,0,52.0,50.0,45.0,60.0,54.0,2.645751311064662,5,1,4,27,0
2024-04-28,47,6,0,0,54.0,56.0,56.0,56.0,52.714285714285715,3.5456210417117,6,1,4,28,0
2024-04-29,44,0,0,0,47.0,52.0,54.0,41.0,51.57142857142857,4.859943170351649,0,0,4,29,0
2024-04-30,56,1,0,0,44.0,52.0,59.0,47.0,52.142857142857146,5.14550196542481,1,0,4,30,0
2024-05-01,48,2,0,1,56.0,53.0,53.0,52.0,51.42857142857143,5.349677337844556,2,0,5,1,0
2024-05-02,51,3,0,0,48.0,59.0,50.0,55.0,50.285714285714285,4.191828786034609,3,0,5,2,0
2024-05-03,52,4,0,0,51.0,52.0,52.0,51.0,50.285714285714285,4.191828786034609,4,0,5,3,0
2024-05-04,64,5,0,0,52.0,54.0,50.0,54.0,51.714285714285715,6.651172470932871,5,1,5,4,0
2024-05-05,61,6,0,0,64.0,47.0,56.0,51.0,53.714285714285715,7.087883692478003,6,1,5,5,0
2024-05-06,53,0,0,0,61.0,44.0,52.0,59.0,55.0,5.7154760664941335,0,0,5,6,0
2024-05-07,61,1,0,0,53.0,56.0,52.0,51.0,55.714285714285715,6.156684327197766,1,0,5,7,0
2024-05-08,59,2,0,0,61.0,48.0,53.0,57.0,57.285714285714285,5.186980037050738,2,0,5,8,0
2024-05-09,44,3,0,0,59.0,51.0,59.0,50.0,56.285714285714285,6.969320524371754,3,0,5,9,0
2024-05-10,59,4,0,0,44.0,52.0,52.0,43.0,57.285714285714285,6.750661343263306,4,0,5,10,0
2024-05-11,58,5,0,0,59.0,64.0,54.0,45.0,56.42857142857143,6.106202935189356,5,1,5,11,0
2024-05-12,45,6,0,0,58.0,61.0,47.0,56.0,54.142857142857146,7.03393136703728,6,1,5,12,0
2024-05-13,57,0,0,0,45.0,53.0,44.0,54.0,54.714285714285715,7.087883692478015,0,0,5,13,0
2024-05-14,56,1,0,0,57.0,61.0,56.0,59.0,54.0,6.582805886043866,1,0,5,14,0
2024-05-15,55,2,0,0,56.0,59.0,48.0,53.0,53.42857142857143,6.241184258807082,2,0,5,15,0
2024-05-16,57,3,0,0,55.0,44.0,51.0,50.0,55.285714285714285,4.715728494951321,3,0,5,16,0
2024-05-17,53,4,0,0,57.0,59.0,52.0,52.0,54.42857142857143,4.4668088108157775,4,0,5,17,0
2024-05-18,60,5,0,0,53.0,58.0,64.0,50.0,54.714285714285715,4.78589196542948,5,1,5,18,0
2024-05-19,56,6,0,0,60.0,45.0,61.0,56.0,56.285714285714285,2.1380899352995684,6,1,5,19,0
2024-05-20,52,0,0,0,56.0,57.0,53.0,52.0,55.57142857142857,2.6367367999824345,0,0,5,20,0
2024-05-21,49,1,0,0,52.0,56.0,61.0,52.0,54.57142857142857,3.598941643369824,1,0,5,21,0
2024-05-22,58,2,0,0,49.0,55.0,59.0,53.0,55.0,3.8297084310254292,2,0,5,22,0
2024-05-23,64,3,0,0,58.0,57.0,44.0,59.0,56.0,5.131601439446953,3,0,5,23,0
2024-05-24,51,4,0,0,64.0,53.0,59.0,52.0,55.714285714285715,5.376314900074453,4,0,5,24,0
2024-05-25,54,5,0,0,51.0,60.0,58.0,54.0,54.857142857142854,5.047394424472002,5,1,5,25,0
2024-05-26,54,6,0,0,54.0,56.0,45.0,47.0,54.57142857142857,5.028490259085209,6,1,5,26,0
2024-05-27,46,0,0,0,54.0,52.0,57.0,44.0,53.714285714285715,5.96417878432807,0,0,5,27,0
2024-05-28,54,1,0,0,46.0,49.0,56.0,56.0,54.42857142857143,5.593363414414875,1,0,5,28,0
2024-05-29,56,2,0,0,54.0,58.0,55.0,48.0,54.142857142857146,5.429197958832501,2,0,5,29,0
2024-05-30,55,3,0,0,56.0,64.0,57.0,51.0,52.857142857142854,3.387652649872899,3,0,5,30,0
2024-05-31,58,4,0,0,55.0,51.0,53.0,52.0,53.857142857142854,3.760699023168117,4,0,5,31,0
2024-06-01,55,5,0,0,58.0,54.0,60.0,64.0,54.0,3.7859388972002486,5,1,6,1,0
2024-06-02,55,6,0,0,55.0,54.0,56.0,61.0,54.142857142857146,3.8047589248454354,6,1,6,2,0
2024-06-03,48,0,0,0,55.0,46.0,52.0,53.0,54.42857142857143,3.101458950082714,0,0,6,3,0
2024-06-04,53,1,0,0,48.0,54.0,49.0,61.0,54.285714285714285,3.147183169877858,1,0,6,4,0
2024-06-05,46,2,0,0,53.0,56.0,58.0,59.0,52.857142857142854,4.298393941484528,2,0,6,5,0
2024-06-06,79,3,1,0,46.0,55.0,64.0,44.0,56.285714285714285,10.85839591766494,3,0,6,6,0
2024-06-07,49,4,0,0,79.0,58.0,51.0,59.0,55.0,11.150485789118514,4,0,6,7,0
2024-06-08,54,5,0,0,49.0,55.0,54.0,58.0,54.857142857142854,11.156889820921917,5,1,6,8,0
2024-06-09,58,6,0,0,54.0,55.0,54.0,45.0,55.285714285714285,11.220729116450613,6,1,6,9,0
2024-06-10,50,0,0,0,58.0,48.0,46.0,57.0,55.57142857142857,11.02810263005601,0,0,6,10,0
2024-06-11,52,1,0,0,50.0,53.0,54.0,56.0,55.42857142857143,11.073348527841445,1,0,6,11,0
2024-06-12,72,2,1,0,52.0,46.0,56.0,55.0,59.142857142857146,11.725024114098508,2,0,6,12,0
2024-06-13,52,3,0,0,72.0,79.0,55.0,57.0,55.285714285714285,7.931252228038304,3,0,6,13,0
2024-06-14,55,4,0,0,52.0,49.0,58.0,53.0,56.142857142857146,7.448234050846631,4,0,6,14,0
2024-06-15,64,5,0,0,55.0,54.0,55.0,60.0,57.57142857142857,7.913219801006951,5,1,6,15,0
2024-06-16,54,6,0,0,64.0,58.0,55.0,56.0,57.0,8.020806277010694,6,1,6,16,0
2024-06-17,54,0,0,0,54.0,50.0,48.0,52.0,57.57142857142857,7.568732673685546,0,0,6,17,0
2024-06-18,54,1,0,0,54.0,52.0,53.0,49.0,57.857142857142854,7.3581830055291535,1,0,6,18,0
2024-06-19,65,2,0,0,54.0,72.0,46.0,58.0,56.857142857142854,5.304984179322117,2,0,6,19,0
2024-06-20,62,3,0,0,65.0,52.0,79.0,64.0,58.285714285714285,5.122313465427137,3,0,6,20,0
2024-06-21,48,4,0,0,62.0,55.0,49.0,51.0,57.285714285714285,6.395683067879674,4,0,6,21,0
2024-06-22,60,5,0,0,48.0,64.0,54.0,54.0,56.714285714285715,5.8513327745135175,5,1,6,22,0
2024-06-23,59,6,0,0,60.0,54.0,58.0,54.0,57.42857142857143,5.769377287516839,6,1,6,23,0
2024-06-24,52,0,0,0,59.0,54.0,50.0,46.0,57.142857142857146,6.011892975000302,0,0,6,24,0
2024-06-25,54,1,0,0,52.0,54.0,52.0,54.0,57.142857142857146,6.011892975000302,1,0,6,25,0
2024-06-26,54,2,0,0,54.0,65.0,72.0,56.0,55.57142857142857,4.9617585208319355,2,0,6,26,0
2024-06-27,53,3,0,0,54.0,62.0,52.0,55.0,54.285714285714285,4.111540089159108,3,0,6,27,0
2024-06-28,42,4,0,0,53.0,48.0,55.0,58.0,53.42857142857143,5.883795341363272,4,0,6,28,0
2024-06-29,63,5,0,0,42.0,60.0,64.0,55.0,53.857142857142854,6.517376042257423,5,1,6,29,0
2024-06-30,61,6,0,0,63.0,59.0,54.0,55.0,54.142857142857146,6.817344825970816,6,1,6,30,0
2024-07-01,54,0,0,0,61.0,52.0,54.0,48.0,54.42857142857143,6.754187413675179,0,0,7,1,0
2024-07-02,53,1,0,0,54.0,54.0,54.0,53.0,54.285714285714285,6.775305299745724,1,0,7,2,0
2024-07-03,55,2,0,0,53.0,54.0,65.0,46.0,54.42857142857143,6.778818551368781,2,0,7,3,0
2024-07-04,66,3,0,0,55.0,53.0,62.0,79.0,56.285714285714285,7.994045402971054,3,0,7,4,0
2024-07-05,63,4,0,0,66.0,42.0,48.0,49.0,59.285714285714285,5.186980037050735,4,0,7,5,0
2024-07-06,57,5,0,0,63.0,63.0,60.0,54.0,58.42857142857143,4.961758520831954,5,1,7,6,0
2024-07-07,54,6,0,0,57.0,61.0,59.0,58.0,57.42857142857143,5.061526214399014,6,1,7,7,0
2024-07-08,53,0,0,0,54.0,54.0,52.0,50.0,57.285714285714285,5.18698003705072,0,0,7,8,0
2024-07-09,55,1,0,0,53.0,53.0,54.0,52.0,57.57142857142857,4.961758520831947,1,0,7,9,0
2024-07-10,52,2,0,0,55.0,55.0,54.0,72.0,57.142857142857146,5.3363086938623825,2,0,7,10,0
2024-07-11,57,3,0,0,52.0,66.0,53.0,52.0,55.857142857142854,3.670993118515905,3,0,7,11,0
2024-07-12,54,4,0,0,57.0,63.0,42.0,55.0,54.57142857142857,1.9023794624228247,4,0,7,12,0
2024-07-13,58,5,0,0,54.0,57.0,63.0,64.0,54.714285714285715,2.1380899352995244,5,1,7,13,0
2024-07-14,56,6,0,0,58.0,54.0,61.0,54.0,55.0,2.160246899469421,6,1,7,14,0
2024-07-15,59,0,0,0,56.0,53.0,54.0,54.0,55.857142857142854,2.410295378065616,0,0,7,15,0
2024-07-16,53,1,0,0,59.0,55.0,53.0,54.0,55.57142857142857,2.6367367999824305,1,0,7,16,0
2024-07-17,70,2,0,0,53.0,52.0,55.0,65.0,58.142857142857146,5.639993245521192,2,0,7,17,0
2024-07-18,57,3,0,0,70.0,57.0,66.0,62.0,58.142857142857146,5.639993245521192,3,0,7,18,0
2024-07-19,55,4,0,0,57.0,54.0,63.0,48.0,58.285714285714285,5.529143565818259,4,0,7,19,0
2024-07-20,62,5,0,0,55.0,58.0,57.0,60.0,58.857142857142854,5.698788509515984,5,1,7,20,0
2024-07-21,67,6,0,0,62.0,56.0,54.0,59.0,60.42857142857143,6.267831705280173,6,1,7,21,0
2024-07-22,52,0,0,0,67.0,59.0,53.0,52.0,59.42857142857143,7.04407890494198,0,0,7,22,0
2024-07-23,60,1,0,0,52.0,53.0,55.0,54.0,60.42857142857143,6.451282633635632,1,0,7,23,0
2024-07-24,61,2,0,0,60.0,70.0,52.0,54.0,59.142857142857146,4.947341758580201,2,0,7,24,0
2024-07-25,61,3,0,0,61.0,57.0,57.0,53.0,59.714285714285715,4.8892496259408675,3,0,7,25,0
2024-07-26,54,4,0,0,61.0,55.0,54.0,42.0,59.57142857142857,5.061526214399033,4,0,7,26,0
2024-07-27,65,5,0,0,54.0,62.0,58.0,63.0,60.0,5.416025603090735,5,1,7,27,0
2024-07-28,56,6,0,0,65.0,67.0,56.0,61.0,58.42857142857143,4.577377082170733,6,1,7,28,0
2024-07-29,44,0,0,0,56.0,52.0,59.0,54.0,57.285714285714285,6.872997543873854,0,0,7,29,0
2024-07-30,49,1,0,0,44.0,60.0,53.0,53.0,55.714285714285715,7.3872476993417004,1,0,7,30,0
2024-07-31,58,2,0,0,49.0,61.0,70.0,55.0,55.285714285714285,7.111359122659269,2,0,7,31,0
2024-08-01,60,3,0,0,58.0,61.0,57.0,66.0,55.142857142857146,6.986381310057763,3,0,8,1,0
2024-08-02,55,4,0,0,60.0,54.0,55.0,63.0,55.285714285714285,6.969320524371741,4,0,8,2,0
2024-08-03,61,5,0,0,55.0,65.0,62.0,57.0,54.714285714285715,6.156684327197757,5,1,8,3,0
2024-08-04,62,6,0,0,61.0,56.0,67.0,54.0,55.57142857142857,6.754187413675186,6,1,8,4,0
2024-08-05,57,0,0,0,62.0,44.0,52.0,53.0,57.42857142857143,4.429339411136663,0,0,8,5,0
2024-08-06,63,1,0,0,57.0,49.0,60.0,55.0,59.42857142857143,2.878491668515881,1,0,8,6,0
2024-08-07,55,2,0,0,63.0,58.0,61.0,52.0,59.0,3.316624790355553,2,0,8,7,0
2024-08-08,58,3,0,0,55.0,60.0,61.0,57.0,58.714285714285715,3.3022358947784,3,0,8,8,0
2024-08-09,62,4,0,0,58.0,55.0,54.0,54.0,59.714285714285715,3.0394235042350237,4,0,8,9,0
2024-08-10,62,5,0,0,62.0,61.0,65.0,58.0,59.857142857142854,3.1320159337916684,5,1,8,10,0
2024-08-11,65,6,0,0,62.0,62.0,56.0,56.0,60.285714285714285,3.6384193323607383,6,1,8,11,0
2024-08-12,52,0,0,0,65.0,57.0,44.0,59.0,59.57142857142857,4.720774754816771,0,0,8,12,0
2024-08-13,61,1,0,0,52.0,63.0,49.0,53.0,59.285714285714285,4.535573676110841,1,0,8,13,0
2024-08-14,62,2,0,0,61.0,55.0,58.0,70.0,60.285714285714285,4.191828786034765,2,0,8,14,0
2024-08-15,47,3,0,0,62.0,58.0,60.0,57.0,58.714285714285715,6.575568054403833,3,0,8,15,0
2024-08-16,56,4,0,0,47.0,62.0,55.0,55.0,57.857142857142854,6.4660284417503675,4,0,8,16,0
2024-08-17,60,5,0,0,56.0,62.0,61.0,62.0,57.57142857142857,6.294366339755613,5,1,8,17,0
2024-08-18,62,6,0,0,60.0,65.0,62.0,67.0,57.142857142857146,5.785861256216855,6,1,8,18,0
2024-08-19,55,0,0,0,62.0,52.0,57.0,52.0,57.57142857142857,5.442338432976074,0,0,8,19,0
2024-08-20,69,1,0,0,55.0,61.0,63.0,60.0,58.714285714285715,6.9213266000646785,1,0,8,20,0
2024-08-21,86,2,1,0,69.0,62.0,55.0,61.0,62.142857142857146,12.50904434703914,2,0,8,21,0
2024-08-22,58,3,0,0,86.0,47.0,58.0,61.0,63.714285714285715,10.873734190152748,3,0,8,22,0
2024-08-23,55,4,0,0,58.0,56.0,62.0,54.0,63.57142857142857,10.997835284835945,4,0,8,23,0
2024-08-24,53,5,0,0,55.0,60.0,62.0,65.0,62.57142857142857,11.674147261608264,5,1,8,24,0
2024-08-25,59,6,0,0,53.0,62.0,65.0,56.0,62.142857142857146,11.753418955472425,6,1,8,25,0
2024-08-26,54,0,0,0,59.0,55.0,52.0,44.0,62.0,11.860297916438189,0,0,8,26,0
2024-08-27,68,1,0,0,54.0,69.0,61.0,49.0,61.857142857142854,11.767590682726512,1,0,8,27,0
2024-08-28,59,2,0,0,68.0,86.0,62.0,58.0,58.0,5.033222956847254,2,0,8,28,0
2024-08-29,60,3,0,0,59.0,58.0,47.0,60.0,58.285714285714285,5.089672082242904,3,0,8,29,0
2024-08-30,71,4,1,0,60.0,55.0,56.0,55.0,60.57142857142857,6.704653678780295,4,0,8,30,0
2024-08-31,63,5,0,0,71.0,53.0,60.0,61.0,62.0,5.830951894845417,5,1,8,31,0
2024-09-01,46,6,0,0,63.0,59.0,62.0,62.0,60.142857142857146,8.434622525214646,6,1,9,1,0
2024-09-02,60,0,0,0,46.0,54.0,55.0,57.0,61.0,8.000000000000078,0,0,9,2,0
2024-09-03,51,1,0,0,60.0,68.0,69.0,63.0,58.57142857142857,8.100558475750214,1,0,9,3,0
2024-09-04,51,2,0,0,51.0,59.0,86.0,55.0,57.42857142857143,8.580154288767105,2,0,9,4,0
2024-09-05,53,3,0,0,51.0,60.0,58.0,58.0,56.42857142857143,8.638231741453135,3,0,9,5,0
2024-09-06,57,4,0,0,53.0,71.0,55.0,62.0,54.42857142857143,5.883795341363284,4,0,9,6,0
2024-09-07,57,5,0,0,57.0,63.0,53.0,62.0,53.57142857142857,4.7559486560567725,5,1,9,7,0
2024-09-08,52,6,0,0,57.0,46.0,59.0,65.0,54.42857142857143,3.552329886011193,6,1,9,8,0
2024-09-09,56,0,0,0,52.0,60.0,54.0,52.0,53.857142857142854,2.7342623276107036,0,0,9,9,0
2024-09-10,51,1,0,0,56.0,51.0,68.0,61.0,53.857142857142854,2.7342623276107036,1,0,9,10,0
2024-09-11,55,2,0,0,51.0,51.0,59.0,62.0,54.42857142857143,2.4397501823714736,2,0,9,11,0
2024-09-12,50,3,0,0,55.0,53.0,60.0,47.0,54.0,2.9439202887760585,3,0,9,12,0
2024-09-13,53,4,0,0,50.0,57.0,71.0,56.0,53.42857142857143,2.636736799982421,4,0,9,13,0
2024-09-14,57,5,0,0,53.0,57.0,63.0,60.0,53.42857142857143,2.636736799982421,5,1,9,14,0
2024-09-15,57,6,0,0,57.0,52.0,46.0,62.0,54.142857142857146,2.8535691936341396,6,1,9,15,0
2024-09-16,85,0,1,0,57.0,56.0,60.0,55.0,58.285714285714285,12.09289441110342,0,0,9,16,0
2024-09-17,49,1,0,0,85.0,51.0,51.0,69.0,58.0,12.315302134607487,1,0,9,17,0
2024-09-18,62,2,0,0,49.0,55.0,51.0,86.0,59.0,12.31530213460749,2,0,9,18,0
2024-09-19,40,3,0,0,62.0,50.0,53.0,58.0,57.57142857142857,13.99829921641847,3,0,9,19,0
2024-09-20,46,4,0,0,40.0,53.0,57.0,55.0,56.57142857142857,14.615712354143007,4,0,9,20,0
2024-09-21,58,5,0,0,46.0,57.0,57.0,53.0,56.714285714285715,14.625483304997575,5,1,9,21,0
2024-09-22,55,6,0,0,58.0,57.0,52.0,59.0,56.42857142857143,14.638501094228028,6,1,9,22,0
2024-09-23,55,0,0,0,55.0,85.0,56.0,54.0,52.142857142857146,7.559289460184572,0,0,9,23,0
2024-09-24,52,1,0,0,55.0,49.0,51.0,68.0,52.57142857142857,7.4354363883846615,1,0,9,24,0
2024-09-25,54,2,0,0,52.0,62.0,55.0,59.0,51.42857142857143,6.267831705280114,2,0,9,25,0
2024-09-26,52,3,0,0,54.0,40.0,50.0,60.0,53.142857142857146,3.7606990231681183,3,0,9,26,0
2024-09-27,52,4,0,0,52.0,46.0,53.0,71.0,54.0,2.236067977499918,4,0,9,27,0
2024-09-28,57,5,0,0,52.0,58.0,57.0,63.0,53.857142857142854,1.9518001458972094,5,1,9,28,0
2024-09-29,55,6,0,0,57.0,55.0,57.0,46.0,53.857142857142854,1.9518001458972092,6,1,9,29,0
2024-09-30,50,0,0,0,55.0,55.0,85.0,60.0,53.142857142857146,2.340126166724984,0,0,9,30,0
2024-10-01,52,1,0,0,50.0,52.0,49.0,51.0,53.142857142857146,2.340126166724984,1,0,10,1,0
2024-10-02,55,2,0,0,52.0,54.0,62.0,51.0,53.285714285714285,2.4299715851759274,2,0,10,2,0
2024-10-03,53,3,0,0,55.0,52.0,40.0,53.0,53.42857142857143,2.370453040886517,3,0,10,3,0
2024-10-04,48,4,0,0,53.0,52.0,46.0,57.0,52.857142857142854,3.132015933791571,4,0,10,4,0
2024-10-05,51,5,0,0,48.0,57.0,58.0,57.0,52.0,2.581988897471691,5,1,10,5,0
2024-10-06,66,6,1,0,51.0,55.0,55.0,52.0,53.57142857142857,5.912053869204974,6,1,10,6,0
2024-10-07,60,0,0,0,66.0,50.0,55.0,56.0,55.0,6.110100926607841,0,0,10,7,0
2024-10-08,46,1,0,0,60.0,52.0,52.0,51.0,54.142857142857146,6.962484504556622,1,0,10,8,0
2024-10-09,49,2,0,0,46.0,55.0,54.0,55.0,53.285714285714285,7.204495950777016,2,0,10,9,0
2024-10-10,55,3,0,0,49.0,53.0,52.0,50.0,53.57142857142857,7.230886134196473,3,0,10,10,0
2024-10-11,43,4,0,0,55.0,48.0,52.0,53.0,52.857142857142854,8.07111250961462,4,0,10,11,0
2024-10-12,47,5,0,0,43.0,51.0,57.0,57.0,52.285714285714285,8.360906763309966,5,1,10,12,0
2024-10-13,51,6,0,0,47.0,66.0,55.0,57.0,50.142857142857146,5.785861256216807,6,1,10,13,0
2024-10-14,55,0,0,0,51.0,60.0,50.0,85.0,49.42857142857143,4.540820148282444,0,0,10,14,0
2024-10-15,52,1,0,0,55.0,46.0,52.0,49.0,50.285714285714285,4.347960660443255,1,0,10,15,0
2024-10-16,64,2,0,0,52.0,49.0,55.0,62.0,52.42857142857143,6.679749068568972,2,0,10,16,0
2024-10-17,54,3,0,0,64.0,55.0,53.0,40.0,52.285714285714285,6.626066850308885,3,0,10,17,0
2024-10-18,43,4,0,0,54.0,43.0,48.0,46.0,52.285714285714285,6.626066850308885,4,0,10,18,0
2024-10-19,55,5,0,0,43.0,47.0,51.0,58.0,53.42857142857143,6.241184258807095,5,1,10,19,0
2024-10-20,65,6,1,0,55.0,51.0,66.0,55.0,55.42857142857143,7.457817885886483,6,1,10,20,0
2024-10-21,52,0,0,0,65.0,55.0,60.0,55.0,55.0,7.571877794400408,0,0,10,21,0
2024-10-22,49,1,0,0,52.0,52.0,46.0,52.0,54.57142857142857,7.849780100044092,1,0,10,22,0
2024-10-23,75,2,1,0,49.0,64.0,49.0,54.0,56.142857142857146,10.652520381402292,2,0,10,23,0
2024-10-24,58,3,0,0,75.0,54.0,55.0,52.0,56.714285714285715,10.625665245280539,3,0,10,24,0
2024-10-25,57,4,0,0,58.0,43.0,43.0,52.0,58.714285714285715,8.769536014223494,4,0,10,25,0
2024-10-26,53,5,0,0,57.0,55.0,47.0,57.0,58.42857142857143,8.941609528064951,5,1,10,26,0
2024-10-27,57,6,0,0,53.0,65.0,51.0,55.0,57.285714285714285,8.459989868281724,6,1,10,27,0
2024-10-28,47,0,0,0,57.0,52.0,55.0,50.0,56.57142857142857,9.162553189607237,0,0,10,28,0
2024-10-29,52,1,0,0,47.0,49.0,52.0,52.0,57.0,8.81286937760157,1,0,10,29,0
2024-10-30,44,2,0,0,52.0,75.0,64.0,55.0,52.57142857142857,5.38074167307643,2,0,10,30,0
2024-10-31,46,3,0,0,44.0,58.0,54.0,53.0,50.857142857142854,5.273473599964639,3,0,10,31,0
2024-11-01,51,4,0,0,46.0,57.0,43.0,48.0,50.0,4.546060565661965,4,0,11,1,0
2024-11-02,45,5,0,0,51.0,53.0,55.0,51.0,48.857142857142854,4.670066788550652,5,1,11,2,0
2024-11-03,53,6,0,0,45.0,57.0,65.0,66.0,48.285714285714285,3.638419332360574,6,1,11,3,0
2024-11-04,49,0,0,0,53.0,47.0,52.0,60.0,48.57142857142857,3.598941643369744,0,0,11,4,0
2024-11-05,73,1,1,0,49.0,52.0,49.0,46.0,51.57142857142857,9.997618764104844,1,0,11,5,0
2024-11-06,44,2,0,0,73.0,44.0,75.0,49.0,51.57142857142857,9.997618764104844,2,0,11,6,0
2024-11-07,41,3,0,0,44.0,46.0,58.0,55.0,50.857142857142854,10.621182787690081,3,0,11,7,0
2024-11-08,53,4,0,0,41.0,51.0,57.0,43.0,51.142857142857146,10.652520381402269,4,0,11,8,0
2024-11-09,54,5,0,0,53.0,45.0,53.0,47.0,52.42857142857143,10.325649985305915,5,1,11,9,0
2024-11-10,50,6,0,0,54.0,53.0,57.0,51.0,52.0,10.360180178613387,6,1,11,10,0
2024-11-11,40,0,0,0,50.0,49.0,47.0,55.0,50.714285714285715,11.309498746839406,0,0,11,11,0
2024-11-12,48,1,0,0,40.0,73.0,52.0,52.0,47.142857142857146,5.610364558225275,1,0,11,12,0
2024-11-13,45,2,0,0,48.0,44.0,44.0,64.0,47.285714285714285,5.529143565818163,2,0,11,13,0
2024-11-14,53,3,0,0,45.0,41.0,46.0,54.0,49.0,5.099019513592784,3,0,11,14,0
2024-11-15,41,4,0,0,53.0,53.0,51.0,43.0,47.285714285714285,5.529143565818163,4,0,11,15,0
2024-11-16,51,5,0,0,41.0,54.0,45.0,55.0,46.857142857142854,5.014265364224047,5,1,11,16,0
2024-11-17,55,6,0,0,51.0,50.0,53.0,65.0,47.57142857142857,5.826867164470184,6,1,11,17,0
2024-11-18,50,0,0,0,55.0,40.0,49.0,52.0,49.0,4.79583152331272,0,0,11,18,0
2024-11-19,47,1,0,0,50.0,48.0,73.0,49.0,48.857142857142854,4.845223470201397,1,0,11,19,0
2024-11-20,53,2,0,0,47.0,45.0,44.0,75.0,50.0,4.725815626252623,2,0,11,20,0
2024-11-21,52,3,0,0,53.0,53.0,41.0,58.0,49.857142857142854,4.634241089562625,3,0,11,21,0
2024-11-22,68,4,1,0,52.0,41.0,53.0,57.0,53.714285714285715,6.775305299745724,4,0,11,22,0
2024-11-23,54,5,0,0,68.0,51.0,54.0,53.0,54.142857142857146,6.669047194029378,5,1,11,23,0
2024-11-24,50,6,0,0,54.0,55.0,50.0,57.0,53.42857142857143,6.8278142636606765,6,1,11,24,0
2024-11-25,52,0,0,0,50.0,50.0,40.0,47.0,53.714285714285715,6.7011015441315696,0,0,11,25,0
2024-11-26,48,1,0,0,52.0,47.0,48.0,52.0,53.857142857142854,6.542898731412892,1,0,11,26,0
2024-11-27,43,2,0,0,48.0,53.0,45.0,44.0,52.42857142857143,7.7428922859859926,2,0,11,27,0
2024-11-28,50,3,0,0,43.0,52.0,53.0,46.0,52.142857142857146,7.798046153333809,3,0,11,28,0
2024-11-29,41,4,0,0,50.0,68.0,41.0,51.0,48.285714285714285,4.715728494951246,4,0,11,29,0
2024-11-30,58,5,0,0,41.0,54.0,51.0,45.0,48.857142857142854,5.669467095138407,5,1,11,30,0
2024-12-01,52,6,0,0,58.0,50.0,55.0,53.0,49.142857142857146,5.785861256216788,6,1,12,1,0
2024-12-02,37,0,0,0,52.0,52.0,50.0,49.0,47.0,7.164728420068208,0,0,12,2,0
2024-12-03,53,1,0,0,37.0,48.0,47.0,73.0,47.714285714285715,7.521398046336094,1,0,12,3,0
2024-12-04,51,2,0,0,53.0,43.0,53.0,44.0,48.857142857142854,7.28991475552747,2,0,12,4,0
2024-12-05,51,3,0,0,51.0,50.0,52.0,41.0,49.0,7.32575365861197,3,0,12,5,0
2024-12-06,46,4,0,0,51.0,41.0,68.0,53.0,49.714285714285715,6.6260668503088604,4,0,12,6,0
2024-12-07,57,5,0,0,46.0,58.0,54.0,54.0,49.57142857142857,6.425396041156867,5,1,12,7,0
2024-12-08,47,6,0,0,57.0,52.0,50.0,50.0,48.857142857142854,6.388233230676834,6,1,12,8,0
2024-12-09,51,0,0,0,47.0,37.0,52.0,40.0,50.857142857142854,3.670993118515845,0,0,12,9,0
2024-12-10,49,1,0,0,51.0,53.0,48.0,48.0,50.285714285714285,3.592319850008076,1,0,12,10,0
2024-12-11,40,2,0,0,49.0,51.0,43.0,45.0,48.714285714285715,5.250850271282595,2,0,12,11,0
2024-12-12,38,3,0,0,40.0,51.0,50.0,53.0,46.857142857142854,6.466028441750277,3,0,12,12,0
2024-12-13,44,4,0,0,38.0,46.0,41.0,41.0,46.57142857142857,6.553806600166092,4,0,12,13,0
2024-12-14,47,5,0,0,44.0,57.0,58.0,51.0,45.142857142857146,4.740906081772763,5,1,12,14,0
2024-12-15,40,6,0,0,47.0,47.0,52.0,55.0,44.142857142857146,5.014265364224007,6,1,12,15,0
2024-12-16,40,0,0,0,40.0,51.0,37.0,50.0,42.57142857142857,4.1576092031014,0,0,12,16,0
2024-12-17,47,1,0,0,40.0,49.0,53.0,47.0,42.285714285714285,3.683941988064919,1,0,12,17,0
2024-12-18,44,2,0,0,47.0,40.0,51.0,53.0,42.857142857142854,3.579039509354851,2,0,12,18,0
2024-12-19,58,3,0,0,44.0,38.0,51.0,52.0,45.714285714285715,6.1295537008356575,3,0,12,19,0
2024-12-20,42,4,0,0,58.0,44.0,46.0,68.0,45.42857142857143,6.267831705280048,4,0,12,20,0
2024-12-21,56,5,0,0,42.0,47.0,57.0,54.0,46.714285714285715,7.454624643228404,5,1,12,21,0
2024-12-22,58,6,0,0,56.0,40.0,47.0,50.0,49.285714285714285,7.846746368491113,6,1,12,22,0
2024-12-23,43,0,0,0,58.0,40.0,51.0,52.0,49.714285714285715,7.319250547113994,0,0,12,23,0
2024-12-24,44,1,0,0,43.0,47.0,49.0,48.0,49.285714285714285,7.587583842793993,1,0,12,24,0
2024-12-25,44,2,0,1,44.0,44.0,40.0,43.0,49.285714285714285,7.587583842793993,2,0,12,25,0
2024-12-26,45,3,0,0,44.0,58.0,38.0,50.0,47.42857142857143,6.629659188252489,3,0,12,26,0
2024-12-27,43,4,0,0,45.0,42.0,44.0,41.0,47.57142857142857,6.502746672423431,4,0,12,27,0
2024-12-28,44,5,0,0,43.0,56.0,47.0,58.0,45.857142857142854,5.398412465054583,5,1,12,28,0
2024-12-29,51,6,0,0,44.0,58.0,40.0,52.0,44.857142857142854,2.794552524022992,6,1,12,29,0
2024-12-30,43,0,0,0,51.0,43.0,40.0,37.0,44.857142857142854,2.794552524022992,0,0,12,30,0
2024-12-31,59,1,0,0,43.0,44.0,47.0,53.0,47.0,5.972157622389609,1,0,12,31,0
2025-01-01,51,2,0,1,59.0,44.0,44.0,51.0,48.0,5.9721576223896164,2,0,1,1,1
2025-01-02,44,3,0,0,51.0,45.0,58.0,51.0,47.857142857142854,6.0670852812139975,3,0,1,2,0
2025-01-03,48,4,0,0,44.0,43.0,42.0,46.0,48.57142857142857,5.682051943243222,4,0,1,3,0
2025-01-04,53,5,0,0,48.0,44.0,56.0,57.0,49.857142857142854,5.490251100164458,5,1,1,4,0
2025-01-05,55,6,0,0,53.0,51.0,58.0,47.0,50.42857142857143,5.826867164470193,6,1,1,5,0
2025-01-06,36,0,0,0,55.0,43.0,43.0,51.0,49.42857142857143,7.6345081233642125,0,0,1,6,0
2025-01-07,41,1,0,0,36.0,59.0,44.0,49.0,46.857142857142854,6.866065623255924,1,0,1,7,0
2025-01-08,44,2,0,0,41.0,51.0,44.0,40.0,45.857142857142854,6.669047194029294,2,0,1,8,0
2025-01-09,46,3,0,0,44.0,44.0,45.0,38.0,46.142857142857146,6.6188763252929395,3,0,1,9,0
2025-01-10,28,4,0,0,46.0,48.0,43.0,44.0,43.285714285714285,9.411239481143163,4,0,1,10,0
2025-01-11,46,5,0,0,28.0,53.0,44.0,47.0,42.285714285714285,8.538428538364718,5,1,1,11,0
2025-01-12,56,6,0,0,46.0,55.0,51.0,40.0,42.42857142857143,8.791229395580203,6,1,1,12,0
2025-01-13,39,0,0,0,56.0,36.0,43.0,40.0,42.857142857142854,8.49369514068267,0,0,1,13,0
2025-01-14,48,1,0,0,39.0,41.0,59.0,47.0,43.857142857142854,8.649249898663072,1,0,1,14,0
2025-01-15,50,2,0,0,48.0,44.0,51.0,44.0,44.714285714285715,8.957571949925644,2,0,1,15,0
2025-01-16,48,3,0,0,50.0,46.0,44.0,58.0,45.0,9.036961141150611,3,0,1,16,0
2025-01-17,49,4,0,0,48.0,28.0,48.0,42.0,48.0,5.066228051190206,4,0,1,17,0
2025-01-18,55,5,0,0,49.0,46.0,53.0,56.0,49.285714285714285,5.589105048046174,5,1,1,18,0
2025-01-19,57,6,0,0,55.0,56.0,55.0,58.0,49.42857142857143,5.798193478924933,6,1,1,19,0
2025-01-20,43,0,0,0,57.0,39.0,36.0,43.0,50.0,4.690415759823437,0,0,1,20,0
2025-01-21,43,1,0,0,43.0,48.0,41.0,44.0,49.285714285714285,5.376314900074391,1,0,1,21,0
2025-01-22,50,2,0,0,43.0,50.0,44.0,44.0,49.285714285714285,5.376314900074391,2,0,1,22,0
2025-01-23,48,3,0,0,50.0,48.0,46.0,45.0,49.285714285714285,5.376314900074391,3,0,1,23,0
2025-01-24,69,4,1,0,48.0,49.0,28.0,43.0,52.142857142857146,9.172941575244955,4,0,1,24,0
2025-01-25,43,5,0,0,69.0,55.0,46.0,44.0,50.42857142857143,9.65845299650593,5,1,1,25,0
2025-01-26,53,6,0,0,43.0,57.0,56.0,51.0,49.857142857142854,9.317162862670367,6,1,1,26,0
2025-01-27,38,0,0,0,53.0,43.0,39.0,43.0,49.142857142857146,10.090070555230216,0,0,1,27,0
2025-01-28,48,1,0,0,38.0,43.0,48.0,59.0,49.857142857142854,9.754120008635184,1,0,1,28,0
2025-01-29,46,2,0,0,48.0,50.0,50.0,51.0,49.285714285714285,9.860937847795983,2,0,1,29,0
2025-01-30,52,3,0,0,46.0,48.0,48.0,44.0,49.857142857142854,9.889869756954532,3,0,1,30,0
2025-01-31,38,4,0,0,52.0,69.0,49.0,48.0,45.42857142857143,6.106202935189256,4,0,1,31,0
2025-02-01,51,5,0,0,38.0,43.0,55.0,53.0,46.57142857142857,6.320789582985712,5,1,2,1,0
2025-02-02,51,6,0,0,51.0,53.0,57.0,55.0,46.285714285714285,6.01980857154901,6,1,2,2,0
2025-02-03,43,0,0,0,51.0,38.0,43.0,36.0,47.0,5.099019513592763,0,0,2,3,0
2025-02-04,48,1,0,0,43.0,48.0,43.0,41.0,47.0,5.099019513592763,1,0,2,4,0
2025-02-05,46,2,0,0,48.0,46.0,50.0,44.0,47.0,5.099019513592763,2,0,2,5,0
2025-02-06,47,3,0,0,46.0,52.0,48.0,46.0,46.285714285714285,4.6084807950229045,3,0,2,6,0
2025-02-07,47,4,0,0,47.0,38.0,69.0,28.0,47.57142857142857,2.8199966227605295,4,0,2,7,0
2025-02-08,68,5,1,0,47.0,51.0,43.0,46.0,50.0,8.28653526310404,5,1,2,8,0
2025-02-09,69,6,1,0,68.0,51.0,53.0,56.0,52.57142857142857,10.997835284835887,6,1,2,9,0
2025-02-10,35,0,0,0,69.0,43.0,38.0,39.0,51.42857142857143,12.474736374731444,0,0,2,10,0
2025-02-11,39,1,0,0,35.0,48.0,48.0,48.0,50.142857142857146,13.322019009001247,1,0,2,11,0
2025-02-12,47,2,0,0,39.0,46.0,46.0,50.0,50.285714285714285,13.275469680508307,2,0,2,12,0
2025-02-13,40,3,0,0,47.0,47.0,52.0,48.0,49.285714285714285,13.816828938101605,3,0,2,13,0
2025-02-14,45,4,0,0,40.0,47.0,38.0,49.0,49.0,13.892443989449804,4,0,2,14,0
2025-02-15,56,5,0,0,45.0,68.0,51.0,55.0,47.285714285714285,11.729084728631998,5,1,2,15,0
2025-02-16,56,6,0,0,56.0,69.0,51.0,57.0,45.42857142857143,8.223080178318051,6,1,2,16,0
2025-02-17,45,0,0,0,56.0,35.0,43.0,43.0,46.857142857142854,6.866065623255935,0,0,2,17,0
2025-02-18,42,1,0,0,45.0,39.0,48.0,43.0,47.285714285714285,6.369570517030829,1,0,2,18,0
2025-02-19,43,2,0,0,42.0,47.0,46.0,50.0,46.714285714285715,6.575568054403741,2,0,2,19,0
2025-02-20,55,3,0,0,43.0,40.0,47.0,48.0,48.857142857142854,6.4660284417502965,3,0,2,20,0
2025-02-21,50,4,0,0,55.0,45.0,47.0,69.0,49.57142857142857,6.241184258807055,4,0,2,21,0
2025-02-22,50,5,0,0,50.0,56.0,68.0,43.0,48.714285714285715,5.589105048046171,5,1,2,22,0
2025-02-23,50,6,0,0,50.0,56.0,69.0,53.0,47.857142857142854,4.670066788550639,6,1,2,23,0
2025-02-24,45,0,0,0,50.0,45.0,35.0,38.0,47.857142857142854,4.670066788550639,0,0,2,24,0
2025-02-25,51,1,0,0,45.0,42.0,39.0,48.0,49.142857142857146,3.9761191895520187,1,0,2,25,0
2025-02-26,49,2,0,0,51.0,43.0,47.0,46.0,50.0,2.9439202887759612,2,0,2,26,0
2025-02-27,51,3,0,0,49.0,55.0,40.0,52.0,49.42857142857143,2.070196678027069,3,0,2,27,0
2025-02-28,50,4,0,0,51.0,50.0,45.0,38.0,49.42857142857143,2.070196678027069,4,0,2,28,0
2025-03-01,47,5,0,0,50.0,50.0,56.0,51.0,49.0,2.236067977499788,5,1,3,1,1
2025-03-02,72,6,1,0,47.0,50.0,56.0,51.0,52.142857142857146,9.026416258748027,6,1,3,2,1
2025-03-03,53,0,0,0,72.0,45.0,45.0,43.0,53.285714285714285,8.459989868281692,0,0,3,3,1
2025-03-04,51,1,0,0,53.0,51.0,42.0,48.0,53.285714285714285,8.459989868281692,1,0,3,4,1
2025-03-05,52,2,0,0,51.0,49.0,43.0,46.0,53.714285714285715,8.280786712108274,2,0,3,5,1
2025-03-06,44,3,0,0,52.0,51.0,55.0,47.0,52.714285714285715,9.05012496625114,3,0,3,6,0
2025-03-07,43,4,0,0,44.0,50.0,50.0,47.0,51.714285714285715,9.759000729485344,4,0,3,7,0
2025-03-08,52,5,0,0,43.0,47.0,50.0,68.0,52.42857142857143,9.536895771286442,5,1,3,8,0
2025-03-09,48,6,0,0,52.0,72.0,50.0,69.0,49.0,4.082482904638631,6,1,3,9,0
2025-03-10,52,0,0,0,48.0,53.0,45.0,35.0,48.857142857142854,3.9339789623472154,0,0,3,10,0
2025-03-11,68,1,1,0,52.0,51.0,51.0,39.0,51.285714285714285,8.300889223737544,1,0,3,11,0
2025-03-12,47,2,0,0,68.0,52.0,49.0,47.0,50.57142857142857,8.443086774735553,2,0,3,12,0
2025-03-13,53,3,0,0,47.0,44.0,51.0,40.0,51.857142857142854,7.94624799152766,3,0,3,13,0
2025-03-14,42,4,0,0,53.0,43.0,50.0,45.0,51.714285714285715,8.138678961483581,4,0,3,14,0
2025-03-15,52,5,0,0,42.0,52.0,47.0,56.0,51.714285714285715,8.138678961483581,5,1,3,15,0
2025-03-16,49,6,0,0,52.0,48.0,72.0,56.0,51.857142857142854,8.071112509614604,6,1,3,16,0
2025-03-17,59,0,0,0,49.0,52.0,53.0,45.0,52.857142857142854,8.513294924774472,0,0,3,17,0
2025-03-18,49,1,0,0,59.0,68.0,51.0,42.0,50.142857142857146,5.304984179322051,1,0,3,18,0
2025-03-19,46,2,0,0,49.0,47.0,52.0,43.0,50.0,5.416025603090649,2,0,3,19,0
2025-03-20,49,3,0,0,46.0,53.0,44.0,55.0,49.42857142857143,5.2553827281224414,3,0,3,20,0
2025-03-21,67,4,1,0,49.0,42.0,43.0,50.0,53.0,7.416198487095686,4,0,3,21,0
2025-03-22,49,5,0,0,67.0,52.0,52.0,50.0,52.57142857142857,7.568732673685509,5,1,3,22,0
2025-03-23,57,6,0,0,49.0,49.0,48.0,50.0,53.714285714285715,7.543524501502087,6,1,3,23,0
2025-03-24,51,0,0,0,57.0,59.0,52.0,45.0,52.57142857142857,7.207800007795808,0,0,3,24,0
2025-03-25,51,1,0,0,51.0,49.0,68.0,51.0,52.857142857142854,7.081162132225011,1,0,3,25,0
2025-03-26,47,2,0,0,51.0,46.0,47.0,49.0,53.0,6.928203230275534,2,0,3,26,0
2025-03-27,78,3,1,0,47.0,49.0,53.0,51.0,57.142857142857146,11.378760498234907,3,0,3,27,0
2025-03-28,50,4,0,0,78.0,67.0,42.0,50.0,54.714285714285715,10.7193638759379,4,0,3,28,0
2025-03-29,50,5,0,0,50.0,49.0,52.0,47.0,54.857142857142854,10.636863125135044,5,1,3,29,0
2025-03-30,58,6,0,0,50.0,57.0,49.0,72.0,55.0,10.677078252031334,6,1,3,30,0
2025-03-31,49,0,0,0,58.0,51.0,59.0,53.0,54.714285714285715,10.82765418907049,0,0,3,31,0
2025-04-01,55,1,0,0,49.0,51.0,49.0,51.0,55.285714285714285,10.703804397102418,1,0,4,1,0
2025-04-02,54,2,0,0,55.0,47.0,46.0,52.0,56.285714285714285,10.111285538352469,2,0,4,2,0
2025-04-03,61,3,0,0,54.0,78.0,49.0,44.0,53.857142857142854,4.525062483125606,3,0,4,3,0
2025-04-04,44,4,0,0,61.0,50.0,67.0,43.0,53.0,5.773502691896288,4,0,4,4,0
2025-04-05,51,5,0,0,44.0,50.0,49.0,52.0,53.142857142857146,5.698788509515935,5,1,4,5,0
2025-04-06,68,6,0,0,51.0,58.0,57.0,48.0,54.57142857142857,7.934253648099575,6,1,4,6,0
2025-04-07,49,0,0,0,68.0,49.0,51.0,52.0,54.57142857142857,7.934253648099575,0,0,4,7,0
2025-04-08,46,1,0,0,49.0,55.0,51.0,68.0,53.285714285714285,8.557925872435192,1,0,4,8,0
2025-04-09,55,2,0,0,46.0,54.0,47.0,47.0,53.42857142857143,8.580154288767075,2,0,4,9,0
2025-04-10,56,3,0,0,55.0,61.0,78.0,53.0,52.714285714285715,8.035634920243012,3,0,4,10,0
2025-04-11,49,4,0,0,56.0,44.0,50.0,42.0,53.42857142857143,7.322502824789351,4,0,4,11,0
2025-04-12,45,5,0,0,49.0,51.0,50.0,52.0,52.57142857142857,7.976154939508632,5,1,4,12,0
2025-04-13,49,6,0,0,45.0,68.0,58.0,49.0,49.857142857142854,4.180453381654982,6,1,4,13,0
2025-04-14,42,0,0,0,49.0,49.0,49.0,59.0,48.857142857142854,5.145501965424801,0,0,4,14,0
2025-04-15,62,1,0,0,42.0,46.0,55.0,49.0,51.142857142857146,6.914443130833028,1,0,4,15,0
2025-04-16,45,2,0,0,62.0,55.0,54.0,46.0,49.714285714285715,7.016986193380699,2,0,4,16,0
2025-04-17,48,3,0,0,45.0,56.0,61.0,49.0,48.57142857142857,6.451282633635551,3,0,4,17,0
2025-04-18,53,4,0,0,48.0,49.0,44.0,67.0,49.142857142857146,6.669047194029335,4,0,4,18,0
2025-04-19,49,5,0,0,53.0,45.0,51.0,49.0,49.714285714285715,6.4216894379980225,5,1,4,19,0
2025-04-20,56,6,0,0,49.0,49.0,68.0,57.0,50.714285714285715,6.82432623571212,6,1,4,20,1
2025-04-21,47,0,0,0,56.0,42.0,49.0,51.0,51.42857142857143,5.968169536721278,0,0,4,21,1
2025-04-22,54,1,0,0,47.0,62.0,46.0,51.0,50.285714285714285,4.070801956792878,1,0,4,22,0
2025-04-23,52,2,0,0,54.0,45.0,55.0,47.0,51.285714285714285,3.352326839390137,2,0,4,23,0
2025-04-24,51,3,0,0,52.0,48.0,56.0,78.0,51.714285714285715,3.0394235042348896,3,0,4,24,0
2025-04-25,56,4,0,0,51.0,53.0,49.0,50.0,52.142857142857146,3.436498771936939,4,0,4,25,0
2025-04-26,50,5,0,0,56.0,49.0,45.0,50.0,52.285714285714285,3.302235894778293,5,1,4,26,0
2025-04-27,56,6,0,0,50.0,56.0,49.0,58.0,52.285714285714285,3.302235894778293,6,1,4,27,0
2025-04-28,55,0,0,0,56.0,47.0,42.0,49.0,53.42857142857143,2.4397501823714087,0,0,4,28,0
2025-04-29,47,1,0,0,55.0,54.0,62.0,55.0,52.42857142857143,3.4086724129854296,1,0,4,29,0
2025-04-30,46,2,0,0,47.0,52.0,45.0,54.0,51.57142857142857,4.19750492781698,2,0,4,30,0
2025-05-01,49,3,0,1,46.0,51.0,48.0,61.0,51.285714285714285,4.309458036856695,3,0,5,1,0
2025-05-02,41,4,0,0,49.0,56.0,53.0,44.0,49.142857142857146,5.209880722517277,4,0,5,2,0
2025-05-03,58,5,0,0,41.0,50.0,49.0,51.0,50.285714285714285,6.2105900340811955,5,1,5,3,0
2025-05-04,59,6,0,0,58.0,56.0,56.0,68.0,50.714285714285715,6.750661343263244,6,1,5,4,0
2025-05-05,45,0,0,0,59.0,55.0,47.0,49.0,49.285714285714285,6.750661343263235,0,0,5,5,0
2025-05-06,58,1,0,0,45.0,47.0,54.0,46.0,50.857142857142854,7.38079876952289,1,0,5,6,0
2025-05-07,61,2,0,0,58.0,46.0,52.0,55.0,53.0,7.895146188218028,2,0,5,7,0
2025-05-08,55,3,0,0,61.0,49.0,51.0,56.0,53.857142857142854,7.712080813644971,3,0,5,8,0
2025-05-09,58,4,0,0,55.0,41.0,56.0,49.0,56.285714285714285,5.282495802626111,4,0,5,9,0
2025-05-10,55,5,0,0,58.0,58.0,50.0,45.0,55.857142857142854,5.241773600241718,5,1,5,10,0
2025-05-11,53,6,0,0,55.0,59.0,56.0,49.0,55.0,5.131601439446932,6,1,5,11,0
2025-05-12,51,0,0,0,53.0,45.0,55.0,42.0,55.857142857142854,3.3876526498729214,0,0,5,12,0
2025-05-13,49,1,0,0,51.0,58.0,47.0,62.0,54.57142857142857,4.076646614442819,1,0,5,13,0
2025-05-14,52,2,0,0,49.0,61.0,46.0,45.0,53.285714285714285,2.9840847683606966,2,0,5,14,0
2025-05-15,53,3,0,0,52.0,55.0,49.0,48.0,53.0,2.8867513459481966,3,0,5,15,0
2025-05-16,53,4,0,0,53.0,58.0,41.0,53.0,52.285714285714285,1.8898223650462305,4,0,5,16,0
2025-05-17,60,5,0,0,53.0,55.0,58.0,49.0,53.0,3.4156502553199237,5,1,5,17,0
2025-05-18,46,6,0,0,60.0,53.0,59.0,56.0,52.0,4.320493798938613,6,1,5,18,0
2025-05-19,67,0,0,0,46.0,51.0,45.0,47.0,54.285714285714285,7.06433025167725,0,0,5,19,0
2025-05-20,50,1,0,0,67.0,49.0,58.0,54.0,54.42857142857143,6.948792289723068,1,0,5,20,0
2025-05-21,59,2,0,0,50.0,52.0,61.0,52.0,55.42857142857143,7.044078904941946,2,0,5,21,0
2025-05-22,55,3,0,0,59.0,53.0,55.0,51.0,55.714285714285715,6.969320524371733,3,0,5,22,0
2025-05-23,50,4,0,0,55.0,53.0,58.0,56.0,55.285714285714285,7.25061573739976,4,0,5,23,0
2025-05-24,61,5,0,0,50.0,60.0,55.0,50.0,55.42857142857143,7.3678839761301065,5,1,5,24,0
2025-05-25,52,6,0,0,61.0,46.0,53.0,56.0,56.285714285714285,6.369570517030885,6,1,5,25,0
2025-05-26,53,0,0,0,52.0,67.0,51.0,55.0,54.285714285714285,4.309458036856728,0,0,5,26,0
2025-05-27,65,1,0,0,53.0,50.0,49.0,47.0,56.42857142857143,5.4116276928217095,1,0,5,27,0
2025-05-28,54,2,0,0,65.0,59.0,52.0,46.0,55.714285714285715,5.3452248382485354,2,0,5,28,0
2025-05-29,55,3,0,0,54.0,55.0,53.0,49.0,55.714285714285715,5.3452248382485354,3,0,5,29,0
2025-05-30,48,4,0,0,55.0,50.0,53.0,41.0,55.42857142857143,5.740416444159906,4,0,5,30,0
2025-05-31,62,5,0,0,48.0,61.0,60.0,58.0,55.57142857142857,5.9120538692049704,5,1,5,31,0
2025-06-01,54,6,0,0,62.0,52.0,46.0,59.0,55.857142857142854,5.75698333703144,6,1,6,1,0
2025-06-02,55,0,0,0,54.0,53.0,67.0,45.0,56.142857142857146,5.639993245521161,0,0,6,2,0
2025-06-03,61,1,0,0,55.0,65.0,50.0,58.0,55.57142857142857,4.720774754816712,1,0,6,3,0
2025-06-04,55,2,0,0,61.0,54.0,59.0,61.0,55.714285714285715,4.680252333449812,2,0,6,4,0
2025-06-05,58,3,0,0,55.0,55.0,55.0,55.0,56.142857142857146,4.740906081772871,3,0,6,5,0
2025-06-06,56,4,0,0,58.0,48.0,50.0,58.0,57.285714285714285,3.1471831698778634,4,0,6,6,0
2025-06-07,64,5,0,0,56.0,62.0,61.0,55.0,57.57142857142857,3.6903993847615184,5,1,6,7,0
2025-06-08,61,6,0,0,64.0,54.0,52.0,53.0,58.57142857142857,3.5050983275387413,6,1,6,8,0
2025-06-09,60,0,0,0,61.0,55.0,53.0,51.0,59.285714285714285,3.1471831698778696,0,0,6,9,0
2025-06-10,55,1,0,0,60.0,61.0,65.0,49.0,58.42857142857143,3.4086724129854744,1,0,6,10,0
2025-06-11,51,2,0,0,55.0,55.0,54.0,52.0,57.857142857142854,4.298393941484548,2,0,6,11,0
2025-06-12,47,3,0,0,51.0,58.0,55.0,53.0,56.285714285714285,5.9361683970466865,3,0,6,12,0
2025-06-13,46,4,0,0,47.0,56.0,48.0,53.0,54.857142857142854,7.104659772022236,4,0,6,13,0
2025-06-14,58,5,0,0,46.0,64.0,62.0,60.0,54.0,6.110100926607833,5,1,6,14,0
2025-06-15,59,6,0,0,58.0,61.0,54.0,46.0,53.714285714285715,5.7652489311473625,6,1,6,15,0
2025-06-16,51,0,0,0,59.0,60.0,55.0,67.0,52.42857142857143,5.094347941825479,0,0,6,16,0
2025-06-17,45,1,0,0,51.0,55.0,61.0,50.0,51.0,5.6273143387114235,1,0,6,17,0
2025-06-18,54,2,0,0,45.0,51.0,55.0,59.0,51.42857142857143,5.740416444159908,2,0,6,18,0
2025-06-19,53,3,0,0,54.0,47.0,58.0,55.0,52.285714285714285,5.40722620556009,3,0,6,19,0
2025-06-20,54,4,0,0,53.0,46.0,56.0,50.0,53.42857142857143,4.6496287614225915,4,0,6,20,0
2025-06-21,67,5,0,0,54.0,58.0,64.0,61.0,54.714285714285715,6.848705126136072,5,1,6,21,0
2025-06-22,49,6,0,0,67.0,59.0,61.0,52.0,53.285714285714285,6.8487051261360685,6,1,6,22,0
2025-06-23,58,0,0,0,49.0,51.0,60.0,53.0,54.285714285714285,6.9693205243717395,0,0,6,23,0
2025-06-24,59,1,0,0,58.0,45.0,55.0,65.0,56.285714285714285,5.765248931147371,1,0,6,24,0
2025-06-25,56,2,0,0,59.0,54.0,51.0,54.0,56.57142857142857,5.682051943243301,2,0,6,25,0
2025-06-26,58,3,0,0,56.0,53.0,47.0,55.0,57.285714285714285,5.468524655221242,3,0,6,26,0
2025-06-27,54,4,0,0,58.0,54.0,46.0,48.0,57.285714285714285,5.468524655221242,4,0,6,27,0
2025-06-28,62,5,0,0,54.0,67.0,58.0,62.0,56.57142857142857,4.157609203101581,5,1,6,28,0
2025-06-29,54,6,0,0,62.0,49.0,59.0,54.0,57.285714285714285,2.8702082220800538,6,1,6,29,0
2025-06-30,50,0,0,0,54.0,58.0,51.0,55.0,56.142857142857146,3.933978962347301,0,0,6,30,0
2025-07-01,47,1,0,0,50.0,59.0,45.0,61.0,54.42857142857143,4.96175852083193,1,0,7,1,0
2025-07-02,60,2,0,0,47.0,56.0,54.0,55.0,55.0,5.385164807134565,2,0,7,2,0
2025-07-03,53,3,0,0,60.0,58.0,53.0,58.0,54.285714285714285,5.250850271282663,3,0,7,3,0
2025-07-04,47,4,0,0,53.0,54.0,54.0,56.0,53.285714285714285,5.936168397046689,4,0,7,4,0
2025-07-05,55,5,0,0,47.0,62.0,67.0,64.0,52.285714285714285,4.680252333449822,5,1,7,5,0
2025-07-06,62,6,0,0,55.0,54.0,49.0,61.0,53.42857142857143,5.968169536721307,6,1,7,6,0
2025-07-07,56,0,0,0,62.0,50.0,58.0,60.0,54.285714285714285,5.822779568622062,0,0,7,7,0
2025-07-08,52,1,0,0,56.0,47.0,59.0,55.0,55.0,5.033222956847229,1,0,7,8,0
2025-07-09,65,2,0,0,52.0,60.0,56.0,51.0,55.714285714285715,6.102302453836247,2,0,7,9,0
2025-07-10,56,3,0,0,65.0,53.0,58.0,47.0,56.142857142857146,5.984105932344819,3,0,7,10,0
2025-07-11,77,4,1,0,56.0,47.0,54.0,46.0,60.42857142857143,8.541216596737357,4,0,7,11,0
2025-07-12,61,5,0,0,77.0,55.0,62.0,58.0,61.285714285714285,8.199883855158923,5,1,7,12,0
2025-07-13,58,6,0,0,61.0,62.0,54.0,59.0,60.714285714285715,8.280786712108295,6,1,7,13,0
2025-07-14,57,0,0,0,58.0,56.0,50.0,51.0,60.857142857142854,8.194074514114321,0,0,7,14,0
2025-07-15,63,1,0,0,57.0,52.0,47.0,45.0,62.42857142857143,7.2078000077958375,1,0,7,15,0
2025-07-16,56,2,0,0,63.0,65.0,60.0,54.0,61.142857142857146,7.470577207252766,2,0,7,16,0
2025-07-17,60,3,0,0,56.0,56.0,53.0,53.0,61.714285714285715,7.158079018709975,3,0,7,17,0
2025-07-18,51,4,0,0,60.0,77.0,47.0,54.0,58.0,3.9157800414903274,4,0,7,18,0
2025-07-19,69,5,0,0,51.0,61.0,55.0,67.0,59.142857142857146,5.6987885095159605,5,1,7,19,0
2025-07-20,55,6,0,0,69.0,58.0,62.0,49.0,58.714285714285715,5.9080252119267875,6,1,7,20,0
2025-07-21,66,0,0,0,55.0,57.0,56.0,58.0,60.0,6.429100507328689,0,0,7,21,0
2025-07-22,51,1,0,0,66.0,63.0,52.0,59.0,58.285714285714285,7.064330251677264,1,0,7,22,0
2025-07-23,56,2,0,0,51.0,56.0,65.0,56.0,58.285714285714285,7.064330251677264,2,0,7,23,0
2025-07-24,58,3,0,0,56.0,60.0,56.0,58.0,58.0,7.023769168568538,3,0,7,24,0
2025-07-25,81,4,1,0,58.0,51.0,77.0,54.0,62.285714285714285,10.387721689801023,4,0,7,25,0
2025-07-26,68,5,0,0,81.0,69.0,61.0,62.0,62.142857142857146,10.2863756401137,5,1,7,26,0
2025-07-27,66,6,0,0,68.0,55.0,58.0,54.0,63.714285714285715,9.844021632684614,6,1,7,27,0
2025-07-28,46,0,0,0,66.0,66.0,57.0,50.0,60.857142857142854,11.781745363464806,0,0,7,28,0
2025-07-29,59,1,0,0,46.0,51.0,63.0,47.0,62.0,11.030261405182896,1,0,7,29,0
2025-07-30,54,2,0,0,59.0,56.0,56.0,60.0,61.714285714285715,11.235572759681453,2,0,7,30,0
2025-07-31,61,3,0,0,54.0,58.0,60.0,53.0,62.142857142857146,11.126972805283767,3,0,7,31,0
2025-08-01,60,4,0,0,61.0,81.0,51.0,47.0,59.142857142857146,7.403345447128908,4,0,8,1,0
2025-08-02,61,5,0,0,60.0,68.0,69.0,55.0,58.142857142857146,6.414269805898221,5,1,8,2,0
2025-08-03,56,6,0,0,61.0,66.0,55.0,62.0,56.714285714285715,5.407226205560075,6,1,8,3,0
2025-08-04,49,0,0,0,56.0,46.0,66.0,56.0,57.142857142857146,4.450789122113539,0,0,8,4,0
2025-08-05,53,1,0,0,49.0,59.0,51.0,52.0,56.285714285714285,4.608480795022975,1,0,8,5,0
2025-08-06,54,2,0,0,53.0,54.0,56.0,65.0,56.285714285714285,4.608480795022975,2,0,8,6,0
2025-08-07,56,3,0,0,54.0,61.0,58.0,56.0,55.57142857142857,4.117326918327138,3,0,8,7,0
2025-08-08,60,4,0,0,56.0,60.0,81.0,77.0,55.57142857142857,4.117326918327138,4,0,8,8,0
2025-08-09,60,5,0,0,60.0,61.0,68.0,61.0,55.42857142857143,3.9096949095440396,5,1,8,9,0
2025-08-10,53,6,0,0,60.0,56.0,66.0,58.0,55.0,4.000000000000032,6,1,8,10,0
2025-08-11,48,0,0,0,53.0,49.0,46.0,57.0,54.857142857142854,4.259443290250192,0,0,8,11,0
2025-08-12,60,1,0,0,48.0,53.0,59.0,63.0,55.857142857142854,4.561745697594742,1,0,8,12,0
2025-08-13,67,2,0,0,60.0,54.0,54.0,56.0,57.714285714285715,6.074928962939601,2,0,8,13,0
2025-08-14,56,3,0,0,67.0,56.0,61.0,60.0,57.714285714285715,6.074928962939601,3,0,8,14,0
2025-08-15,51,4,0,0,56.0,60.0,60.0,51.0,56.42857142857143,6.451282633635579,4,0,8,15,0
2025-08-16,54,5,0,0,51.0,60.0,61.0,69.0,55.57142857142857,6.29436633975557,5,1,8,16,0
2025-08-17,61,6,0,0,54.0,53.0,56.0,55.0,56.714285714285715,6.4733887497015274,6,1,8,17,0
2025-08-18,62,0,0,0,61.0,48.0,49.0,66.0,58.714285714285715,5.407226205560092,0,0,8,18,0
2025-08-19,55,1,0,0,62.0,60.0,53.0,51.0,58.0,5.537749241945428,1,0,8,19,0
2025-08-20,55,2,0,0,55.0,67.0,54.0,56.0,56.285714285714285,3.9036002917941777,2,0,8,20,0
2025-08-21,48,3,0,0,55.0,56.0,56.0,58.0,55.142857142857146,5.014265364224096,3,0,8,21,0
2025-08-22,54,4,0,0,48.0,51.0,60.0,81.0,55.57142857142857,4.72077475481669,4,0,8,22,0
2025-08-23,63,5,0,0,54.0,54.0,60.0,68.0,56.857142857142854,5.398412465054662,5,1,8,23,0
2025-08-24,54,6,0,0,63.0,61.0,53.0,66.0,55.857142857142854,5.14550196542483,6,1,8,24,0
2025-08-25,55,0,0,0,54.0,62.0,48.0,46.0,54.857142857142854,4.375255094603898,0,0,8,25,0
2025-08-26,58,1,0,0,55.0,55.0,60.0,59.0,55.285714285714285,4.535573676110756,1,0,8,26,0
2025-08-27,60,2,0,0,58.0,55.0,67.0,54.0,56.0,4.8648398397755095,2,0,8,27,0
2025-08-28,69,3,1,0,60.0,48.0,56.0,61.0,59.0,5.5377492419454395,3,0,8,28,0
2025-08-29,49,4,0,0,69.0,54.0,51.0,60.0,58.285714285714285,6.524678426668178,4,0,8,29,0
2025-08-30,59,5,0,0,49.0,63.0,54.0,61.0,57.714285714285715,6.2105900340812275,5,1,8,30,0
2025-08-31,61,6,0,0,59.0,54.0,61.0,56.0,58.714285714285715,6.074928962939607,6,1,8,31,0
2025-09-01,64,0,0,0,61.0,55.0,62.0,49.0,60.0,6.110100926607845,0,0,9,1,0
2025-09-02,50,1,0,0,64.0,58.0,55.0,53.0,58.857142857142854,7.1978832867395415,1,0,9,2,0
2025-09-03,58,2,0,0,50.0,60.0,55.0,54.0,58.57142857142857,7.184639700016154,2,0,9,3,0
2025-09-04,54,3,0,0,58.0,69.0,48.0,56.0,56.42857142857143,5.62308168347642,3,0,9,4,0
2025-09-05,51,4,0,0,54.0,49.0,54.0,60.0,56.714285714285715,5.219012860502995,4,0,9,5,0
2025-09-06,64,5,0,0,51.0,59.0,63.0,60.0,57.42857142857143,5.883795341363269,5,1,9,6,0
2025-09-07,60,6,0,0,64.0,61.0,54.0,53.0,57.285714285714285,5.794085654478112,6,1,9,7,0
2025-09-08,56,0,0,0,60.0,64.0,55.0,48.0,56.142857142857146,4.980915960897571,0,0,9,8,0
2025-09-09,49,1,0,0,56.0,50.0,58.0,60.0,56.0,5.196152422706666,1,0,9,9,0
2025-09-10,54,2,0,0,49.0,58.0,60.0,67.0,55.42857142857143,5.159365040297877,2,0,9,10,0
2025-09-11,54,3,0,0,54.0,54.0,69.0,56.0,55.42857142857143,5.159365040297877,3,0,9,11,0
2025-09-12,54,4,0,0,54.0,51.0,49.0,51.0,55.857142857142854,4.845223470201433,4,0,9,12,0
2025-09-13,70,5,0,0,54.0,64.0,59.0,54.0,56.714285714285715,6.701101544131558,5,1,9,13,0
2025-09-14,55,6,0,0,70.0,60.0,61.0,61.0,56.0,6.557438524302029,6,1,9,14,0
